"Qty","Value","Package","Parts","Anmerkung","Lieferant","Bestellartikel","Artikelpreis","VPE","Postenpreis"
1,,"Platine LPC115_4TE_TOP",,,,,,,
1,,"ML26","P1",,"Reichelt","SL 2X13G 2,54","0,12",1,"0,12"
1,,"Pfostenbuchse 2x13pol 2,54mm",,,"Reichelt","PFL 26","0,19",1,"0,19"
1,"ISP","PINHD-2X05_2.00mm","P2",,"Reichelt","MPE 150-3-010","0,2",1,"0,2"
0,,"FE-1X12_2.54mm","P3","nur benötigt, wenn Bedienplatine aufgesteckt werden soll!","Reichelt","MPE 094-1-016","0,31",1,0
2,"18p","C-EUC0805M","C20, C21","wenn Quarz verwendet wird, vermutlich passen auch 15pF","TME","CC0805JRNPO9BN180","0,00973",1,"0,01946"
2,"100p","C-EUC0805M","C15, C18","C18: wenn Oszillator verwendet wird","Reichelt","NPO-G0805 100P","0,04",1,"0,08"
1,"220p","C-EUC0805M","C22","wenn Oszillator verwendet wird","Reichelt","NPO-G0805 220P","0,04",1,"0,04"
3,"10n","C-EUC0805M","C9, C16, C17"," ","Reichelt","X7R-G0805 10N","0,04",1,"0,12"
1,"10n(*)","C-EUC0805M","C11","Applikationsabhängig","Reichelt","X7R-G0805 10N","0,04",1,"0,04"
1,"15nF","C-EUC0805M","C1",,"Reichelt","X7R-G0805 15N","0,04",1,"0,04"
7,"100n","C-EUC0805M","C5, C8, C10, C12, C14, C19, C23",,"Reichelt","X7R-G0805 100N","0,04",1,"0,28"
1,"220n","C-EUC0805M","C2",,"Reichelt","X7R-G0805 0,22µ","0,04",1,"0,04"
1,"1µ/16V","C-EUC0805M","C13",,"Reichelt","X7R-G0805 1,0/16","0,04",1,"0,04"
1,"4.7µF/50V","C-EUC1206M","C4",,"Reichelt","X7R-G1206 4,7/50","0,23",1,"0,23"
1,"22µ/10V","C-EUC1210K","C6"," ","Reichelt","X7R-G1206 22/10","0,19",1,"0,19"
1,"FV 100/35 K-D8","CPOL-EUUD-6,3X7,7","C3",,"Reichelt","VF 100/35 K-D8","0,18",1,"0,18"
0,"100µ(*)","CPOL-EUUD-6,3X7,7","C7","abhängig vom Strombedarf der Applikation","Reichelt","VF 100/35 K-D8","0,18",1,0
1,"6.8µH","IND_FASTRON_1616FPSB","L1",,"Reichelt","L-1616FPS 6,8µ","0,3",1,"0,3"
1,"150mH","SD12BS11_LIEGEND","L2",,"Reichelt","L-11P 150M","0,55",1,"0,55"
1,"5R6","R-EU_R1206M","R30","RESISTOR, European symbol","Reichelt","SMD 1/4W 5,6","0,05",1,"0,05"
1,"680R","R-EU_R0805M","R5","RESISTOR, European symbol","Reichelt","SMD-0805 680","0,03",1,"0,03"
2,"1k","R-EU_R0805M","R22, R24","RESISTOR, European symbol","Reichelt","SMD-0805 1,00K","0,03",1,"0,06"
11,"1k5","R-EU_R0805M","R3, R6, R7, R8, R9, R10, R11, R12, R13, R27, R28","RESISTOR, European symbol","Reichelt","SMD-0805 1,50K","0,03",1,"0,33"
1,"2k2","R-EU_R0805M","R25","RESISTOR, European symbol","Reichelt","SMD-0805 2,20K","0,03",1,"0,03"
1,"2k4","R-EU_R0805M","R2","RESISTOR, European symbol","Reichelt","RND 0805 1 2,4K","0,02",1,"0,02"
1,"5k6","R-EU_R0805M","R26","RESISTOR, European symbol","Reichelt","SMD-0805 5,60K","0,03",1,"0,03"
2,"10k","R-EU_R0805M","R19, R20","RESISTOR, European symbol","Reichelt","SMD-0805 10,0K","0,03",1,"0,06"
1,"3k(*)","R-EU_R0805M","R17","RESISTOR, European symbol","Reichelt","RND 0805 1 3k0","0,02",1,"0,02"
1,"15k","R-EU_R0805M","R4","RESISTOR, European symbol","Reichelt","SMD-0805 15,0K","0,03",1,"0,03"
1,"47k","R-EU_R0805M","R21","RESISTOR, European symbol","Reichelt","SMD-0805 47,0K","0,03",1,"0,03"
1,"82k","R-EU_R0805M","R18","RESISTOR, European symbol","Reichelt","SMD-0805 82,0K","0,03",1,"0,03"
1,"36k(*)","R-EU_R0805M","R16","RESISTOR, European symbol","Reichelt","RND 0805 1 36k","0,02",1,"0,02"
4,"100k","R-EU_R0805M","R14, R15, R23, R29","RESISTOR, European symbol","Reichelt","SMD-0805 100K","0,03",1,"0,12"
1,"390k","R-EU_R0805M","R1","RESISTOR, European symbol","Reichelt","SMD-0805 390K","0,03",1,"0,03"
0,"SMAJ40CA","D-SMB","D13","nur wenn auf der Applikationsplatine keine vorhanden ist","Oldis Shop","SMAJ 40 AC Überspannungsdiode","0,2",1,0
12,"TS4148","DIODE-MINIMELF","D1, D2, D3, D4, D5, D6, D7, D8, D11, D12, D14, D17"," ","Reichelt","TS 4148-1206","0,04",1,"0,48"
0,"RB060M-60(*)","DIODE-SOD123","D9","nicht bestückt, es wird D10 verwendet",,,0,0,0
1,"STPS1L60A","DIODE-SMB","D10"," ","TME","STPS1L60A","0,089",1,"0,089"
0,"(*)","DIODE-MINIMELF","D15","Zenerdiode applikationsabhängig","Reichelt","SMD ZF 3,6","0,04",1,0
1,"7V5","ZENER-DIODESOT23","D16",,"Reichelt","SMD ZD 7,5","0,04",1,"0,04"
8,"grün","LEDSMT1206","LED2, LED3, LED4, LED5, LED6, LED7, LED8, LED9","extra helle LEDs, benötigen daher nur wenig Strom","Reichelt","LED EL 1206 GR2","0,12",1,"0,96"
2,"red","LEDSMT1206","LED1, LED10, LED11","üblicherweise wird nur eine der LEDs LED10, LED11 bestückt","Reichelt","LED EL 1206 RT","0,1",1,"0,2"
1,"BC856","BC856BSMD","Q1",,"Reichelt","BC 856B SMD","0,04",1,"0,04"
1,"BCP52","SOT223","Q2",,"Reichelt","BCP 52-16 SMD","0,14",1,"0,14"
1,"BC847C","BC847","Q3 (in V1.0 bedruckt mit T1)",,"Reichelt","BC 847C SMD","0,04",1,"0,04"
0,,"10-XXSMD","S1, S2, S3, S4, S5, S6, S7, S8","Benötigte Länge des Tasters abhängig von Applikation! (7mm ist Minimum, eher 8)","Reichelt","TASTER 9316","0,23",1,0
8,,"10-XXSMD","S1, S2, S3, S4, S5, S6, S7, S8","Taster 9318 8mm (Länge für out6-cs, jedoch nur 6 Stück notwendig)","Reichelt","TASTER 9318","0,21",1,"1,68"
1,"Prog","10-XXSMD","S9, S10","üblicherweise wird nur einer der beiden Taster bestückt","Reichelt","TASTER 9315","0,15",1,"0,15"
1,"LPC1115FBD48","LPC1113/4/5_QFP48_XLSERIES","U1","LPC1115FBD48 (auch bei TME zu bekommen)","Oldis Shop","NXP LPC1115","2,5",1,"2,5"
1,"BD9G101","BD9G101G-SOT23-6","U2","Schaltregler","Oldis Shop","Schaltregler BD9G101G-CT-ND","1,5",1,"1,5"
1,"XO32 12MHz","ASFL","U3","CRYSTAL CLOCK OSCILLATORS","Reichelt","XO32 12,00000","1,3",1,"1,3"
0,"12MHz","CRYSTALASF","X1","Quarz alternativ zum Oszillator! Der Reichelt-Typ hat 12pF statt 10pF Nenn","Reichelt","12,000000-MT","0,95",1,0
10,,,,"Lichtleiter 4,7mm (für out6-cs nur 8 Stück notwendig)","Conrad",183133,"0,65",1,"6,5"
